<Sysmon schemaversion="4.00">
	<!--SYSMON META CONFIG-->
	<HashAlgorithms>md5,sha256</HashAlgorithms> <!-- Both MD5 and SHA256 are the industry-standard algorithms for identifying files -->
	<CheckRevocation/> <!-- Check loaded drivers, log if their code-signing certificate has been revoked, in case malware stole one to sign a kernel driver -->

	<ProcessAccessConfig/>
	<PipeMonitoringConfig/>
	<EventFiltering>

	<!--SYSMON EVENT ID 1 : PROCESS CREATION [ProcessCreate]-->
		<!--COMMENT:	All process launched will be included, except for what matches a rule below. It's best to be as specific as possible, to
			avoid user-mode executables imitating other process names to avoid logging, or if malware drops files in an existing directory.
			Ultimately, you must weigh CPU time checking many detailed rules, against the risk of malware exploiting the blindness created.
			Beware of Masquerading, where attackers imitate the names and paths of legitimate tools. Ideally, you'd use both file path and
			code signatures to validate, but Sysmon does not support that. Look into Windows Device Guard for whitelisting support. -->

		<!--DATA: UtcTime, ProcessGuid, ProcessID, Image, FileVersion, Description, Product, Company, CommandLine, CurrentDirectory, User, LogonGuid, LogonId, TerminalSessionId, IntegrityLevel, Hashes, ParentProcessGuid, ParentProcessId, ParentImage, ParentCommandLine-->
		<RuleGroup name="group 1" groupRelation="or">
          		<ProcessCreate onmatch="exclude">
              			<Rule groupRelation="and" name="exclude zerotier icacls">
                   			<Image condition="is">C:\Windows\System32\icacls.exe</Image>
                   			<ParentImage condition="is">C:\ProgramData\ZeroTier\One\zerotier-one_x64.exe</ParentImage>
            			</Rule>
				      <Rule groupRelation="and" name="exclude zerotier icacls connhost">
                   			<Image condition="is">C:\Windows\System32\conhost.exe</Image>
                   			<ParentImage condition="is">C:\Windows\System32\icacls.exe</ParentImage>
            			</Rule>
				<Image condition="is">C:\Windows\openedr\dfpm.exe</Image>
                   		<ParentImage condition="is">C:\Windows\openedr\dfpm.exe</ParentImage>
        		</ProcessCreate>
    	</RuleGroup>
	<!--SYSMON EVENT ID 2 : FILE CREATION TIME RETROACTIVELY CHANGED IN THE FILESYSTEM [FileCreateTime]-->
		<!--COMMENT:	[ https://attack.mitre.org/wiki/Technique/T1099 ] -->

		<!--DATA: UtcTime, ProcessGuid, ProcessId, Image, TargetFilename, CreationUtcTime, PreviousCreationUtcTime-->
		<FileCreateTime onmatch="include">
			<Image condition="begin with">C:\Users</Image> <!--Look for timestomping in user area-->
		</FileCreateTime>

		<FileCreateTime onmatch="exclude">
			<Image condition="image">OneDrive.exe</Image> <!--OneDrive constantly changes file times-->
			<Image condition="image">C:\Windows\system32\backgroundTaskHost.exe</Image>
			<Image condition="contains">setup</Image> <!--Ignore setups-->
			<Image condition="contains">install</Image> <!--Ignore setups-->
			<Image condition="contains">Update\</Image> <!--Ignore setups-->
			<Image condition="end with">redist.exe</Image> <!--Ignore setups-->
			<Image condition="is">msiexec.exe</Image> <!--Ignore setups-->
			<Image condition="is">TrustedInstaller.exe</Image> <!--Ignore setups-->
		</FileCreateTime>

	<!--SYSMON EVENT ID 3 : NETWORK CONNECTION INITIATED [NetworkConnect]-->
		<!--COMMENT:	By default this configuration takes a very conservative approach to network logging, limited to only extremely high-signal events.-->
		<!--COMMENT:	[ https://attack.mitre.org/wiki/Command_and_Control ] [ https://attack.mitre.org/wiki/Exfiltration ] [ https://attack.mitre.org/wiki/Lateral_Movement ] -->
		<!--TECHNICAL:	For the DestinationHostname, Sysmon uses the GetNameInfo API, which will often not have any information, and may just be a CDN. This is NOT reliable for filtering.-->
		<!--TECHNICAL:	For the DestinationPortName, Sysmon uses the GetNameInfo API for the friendly name of ports you see in logs.-->
		<!--TECHNICAL:	These exe do not initiate their connections, and thus includes do not work in this section: BITSADMIN.exe-->

		<!--DATA: UtcTime, ProcessGuid, ProcessId, Image, User, Protocol, Initiated, SourceIsIpv6, SourceIp, SourceHostname, SourcePort, SourcePortName, DestinationIsIpV6, DestinationIp, DestinationHostname, DestinationPort, DestinationPortName-->
		<NetworkConnect onmatch="exclude">
			<!--COMMENT: Unfortunately, these exclusions are very broad and easily abused, but it's a limitation of Sysmon rules that they can't be more specific as they're in user folders-->
			<Image condition="image">Spotify.exe</Image> <!--Spotify-->
			<Image condition="end with">AppData\Roaming\Dropbox\bin\Dropbox.exe</Image> <!--Dropbox-->
			<Image condition="image">g2ax_comm_expert.exe</Image> <!--GoToMeeting-->
			<Image condition="image">g2mcomm.exe</Image> <!--GoToMeeting-->
			<Image condition="begin with">C:\ProgramData\ZeroTier</Image>
			<Image condition="begin with">C:\Program Files (x86)\ZeroTier</Image>
			<!--SECTION: Microsoft-->
			<Image condition="image">OneDrive.exe</Image> <!--Microsoft:OneDrive-->
			<Image condition="image">OneDriveStandaloneUpdater.exe</Image> <!--Microsoft:OneDrive-->
			<Image condition="end with">AppData\Local\Microsoft\Teams\current\Teams.exe</Image> <!--Microsoft: Teams-->
			<DestinationHostname condition="end with">microsoft.com</DestinationHostname> <!--Microsoft:Update delivery-->
			<DestinationHostname condition="end with">microsoft.com.akadns.net</DestinationHostname> <!--Microsoft:Update delivery-->
			<DestinationHostname condition="end with">microsoft.com.nsatc.net</DestinationHostname> <!--Microsoft:Update delivery-->
			<Image condition="contains">C:\ProgramData\ZeroTier</Image>
			<Image condition="contains">C:\Program Files (x86)\ZeroTier</Image>
		</NetworkConnect>
	<!--SYSMON EVENT ID 4 : RESERVED FOR SYSMON STATUS MESSAGES-->
		<!--DATA: UtcTime, State, Version, SchemaVersion-->
		<!--Cannot be filtered.-->

	<!--SYSMON EVENT ID 5 : PROCESS ENDED [ProcessTerminate]-->
		<!--COMMENT:	Useful data in building infection timelines.-->
		<!--DATA: UtcTime, ProcessGuid, ProcessId, Image-->
		
	<!--SYSMON EVENT ID 6 : DRIVER LOADED INTO KERNEL [DriverLoad]-->
		<!--COMMENT:	Because drivers with bugs can be used to escalate to kernel permissions, be extremely selective
			about what you exclude from monitoring. Low event volume, little incentive to exclude.
			[ https://attack.mitre.org/wiki/Technique/T1014 ] -->
		<!--TECHNICAL:	Sysmon will check the signing certificate revocation status of any driver you don't exclude.-->

		<!--DATA: UtcTime, ImageLoaded, Hashes, Signed, Signature, SignatureStatus-->
		<DriverLoad onmatch="exclude">
			<Signature condition="contains">microsoft</Signature> <!--Exclude signed Microsoft drivers-->
			<Signature condition="contains">windows</Signature> <!--Exclude signed Microsoft drivers-->
			<Signature condition="begin with">Intel </Signature> <!--Exclude signed Intel drivers-->
		</DriverLoad>

	<!--SYSMON EVENT ID 7 : DLL (IMAGE) LOADED BY PROCESS [ImageLoad]-->
		<!--COMMENT:	Can cause high system load, disabled by default.-->
		<!--COMMENT:	[ https://attack.mitre.org/wiki/Technique/T1073 ] [ https://attack.mitre.org/wiki/Technique/T1038 ] [ https://attack.mitre.org/wiki/Technique/T1034 ] -->

		<!--DATA: UtcTime, ProcessGuid, ProcessId, Image, ImageLoaded, Hashes, Signed, Signature, SignatureStatus-->
		<ImageLoad onmatch="exclude">
			<Image condition="is">C:\Windows\Sysmon.exe</Image>
 			<ImageLoaded condition="begin with">C:\Windows\System32</ImageLoaded>
			<ImageLoaded condition="begin with">C:\Windows\WinSxS</ImageLoaded>
			<ImageLoaded condition="begin with">C:\Windows\SysWOW64</ImageLoaded>
			<ImageLoaded condition="begin with">C:\Windows\servicing</ImageLoaded>
			<ImageLoaded condition="begin with">C:\Windows\assembly</ImageLoaded>
			<ImageLoaded condition="begin with">C:\Windows\Microsoft.NET</ImageLoaded>
			<ImageLoaded condition="begin with">C:\Windows\SystemApps</ImageLoaded>
			<ImageLoaded condition="begin with">C:\Program Files\Windows</ImageLoaded>
			<ImageLoaded condition="begin with">C:\Windows\ShellExperiences</ImageLoaded>
			<ImageLoaded condition="begin with">C:\Windows\DataFusion</ImageLoaded>
		</ImageLoad>

	<!--SYSMON EVENT ID 8 : REMOTE THREAD CREATED [CreateRemoteThread]-->
		<!--COMMENT:	Monitor for processes injecting code into other processes. Often used by malware to cloak their actions. Also when Firefox loads Flash.
		[ https://attack.mitre.org/wiki/Technique/T1055 ] -->

		<!--DATA: UtcTime, SourceProcessGuid, SourceProcessId, SourceImage, TargetProcessId, TargetImage, NewThreadId, StartAddress, StartModule, StartFunction-->
		<CreateRemoteThread onmatch="exclude">
			<!--COMMENT: Exclude mostly-safe sources and log anything else.-->
			<SourceImage condition="is">C:\Windows\system32\wbem\WmiPrvSE.exe</SourceImage>
			<SourceImage condition="is">C:\Windows\system32\svchost.exe</SourceImage>
			<SourceImage condition="is">C:\Windows\system32\wininit.exe</SourceImage>
			<SourceImage condition="is">C:\Windows\system32\csrss.exe</SourceImage>
			<SourceImage condition="is">C:\Windows\system32\services.exe</SourceImage>
			<SourceImage condition="is">C:\Windows\system32\winlogon.exe</SourceImage>
			<SourceImage condition="is">C:\Windows\system32\audiodg.exe</SourceImage>
			<StartModule condition="is">C:\Windows\system32\kernel32.dll</StartModule>
			<TargetImage condition="end with">Google\Chrome\Application\chrome.exe</TargetImage>
			<SourceImage condition="is">C:\Program Files (x86)\Webroot\WRSA.exe</SourceImage>
		</CreateRemoteThread>

	<!--SYSMON EVENT ID 9 : RAW DISK ACCESS [RawAccessRead]-->
		<!--EVENT 9: "RawAccessRead detected"-->
		<!--COMMENT:	Can cause high system load, disabled by default.-->
		<!--COMMENT:	Monitor for raw sector-level access to the disk, often used to bypass access control lists or access locked files.
			Disabled by default since including even one entry here activates this component. Reward/performance/rule maintenance decision.
			Encourage you to experiment with this feature yourself. [ https://attack.mitre.org/wiki/Technique/T1067 ] -->
		<!--COMMENT:	You will likely want to set this to a full capture on domain controllers, where no process should be doing raw reads.-->

		<!--DATA: UtcTime, ProcessGuid, ProcessId, Image, Device-->
		<RuleGroup name="" groupRelation="or">
			<RawAccessRead onmatch="include">
			<!--NOTE: Using "include" with no rules means nothing in this section will be logged-->
			</RawAccessRead>
		</RuleGroup>

	<!--SYSMON EVENT ID 10 : INTER-PROCESS ACCESS [ProcessAccess]-->
		<!--EVENT 10: "Process accessed"-->
		<!--COMMENT:	Can cause high system load, disabled by default.-->
		<!--COMMENT:	Monitor for processes accessing other process' memory.-->
		<!--DATA: UtcTime, SourceProcessGuid, SourceProcessId, SourceThreadId, SourceImage, TargetProcessGuid, TargetProcessId, TargetImage, GrantedAccess, CallTrace-->
		
		<ProcessAccess onmatch="exclude">
			<!-- "disabling" ProcessAccess -->
			<SourceImage condition="contains">C:\</SourceImage>
			<SourceImage condition="contains">C:\ProgramData\Microsoft\Windows Defender</SourceImage>
			<SourceImage condition="contains">C:\Program Files\Windows Defender</SourceImage>
			<SourceImage condition="contains">C:\Windows\system</SourceImage>
			<SourceImage condition="is">C:\Windows\system32\taskmgr.exe</SourceImage>
			<SourceImage condition="is"> C:\Windows\System32\svchost.exe</SourceImage>
		</ProcessAccess>
		
	<!--SYSMON EVENT ID 11 : FILE CREATED [FileCreate]-->
		<!--EVENT 11: "File created"-->
		<!--NOTE:	Other filesystem "minifilters" can make it appear to Sysmon that some files are being written twice. This is not a Sysmon issue, per Mark Russinovich.-->
		<!--NOTE:	You may not see files detected by antivirus. Other filesystem minifilters, like antivirus, can act before Sysmon receives the alert a file was written.-->

		<!--DATA: UtcTime, ProcessGuid, ProcessId, Image, TargetFilename, CreationUtcTime-->
		<FileCreate onmatch="include">
			<TargetFilename condition="begin with">C:\Windows\SoftwareDistribution\</TargetFilename>
			<TargetFilename condition="end with">.dotm</TargetFilename>
			<TargetFilename condition="end with">.lnk</TargetFilename>
			<TargetFilename condition="contains">\Start Menu</TargetFilename> <!--Microsoft:Windows: Startup links and shortcut modification [ https://attack.mitre.org/wiki/Technique/T1023 ] -->
			<TargetFilename condition="contains">\Startup\</TargetFilename> <!--Microsoft:Office: Changes to user's auto-launched files and shortcuts-->
			<TargetFilename condition="contains">\Content.Outlook\</TargetFilename> <!--Microsoft:Outlook: attachments-->
			<TargetFilename condition="contains">\Downloads\</TargetFilename> <!--Downloaded files. Does not include "Run" files in IE-->
			<TargetFilename condition="end with">.application</TargetFilename> <!--Microsoft:ClickOnce: [ https://blog.netspi.com/all-you-need-is-one-a-clickonce-love-story/ ] -->
			<TargetFilename condition="end with">.appref-ms</TargetFilename> <!--Microsoft:ClickOnce application | Credit @ion-storm -->
			<TargetFilename condition="end with">.bat</TargetFilename> <!--Batch scripting-->
			<TargetFilename condition="end with">.cmd</TargetFilename> <!--Batch scripting: Batch scripts can also use the .cmd extension | Credit: @mmazanec -->
			<TargetFilename condition="end with">.cmdline</TargetFilename> <!--Microsoft:dotNet: Executed by cvtres.exe-->
			<TargetFilename condition="end with">.docm</TargetFilename> <!--Microsoft:Office:Word: Macro-->
			<TargetFilename condition="end with">.dll</TargetFilename> <!--Executable-->
			<TargetFilename condition="end with">.exe</TargetFilename> <!--Executable-->
			<TargetFilename condition="end with">.jse</TargetFilename> <!--Scripting [ Example: https://www.sophos.com/en-us/threat-center/threat-analyses/viruses-and-spyware/Mal~Phires-C/detailed-analysis.aspx ] -->
			<TargetFilename condition="end with">.hta</TargetFilename> <!--Scripting-->
			<TargetFilename condition="end with">.pptm</TargetFilename> <!--Microsoft:Office:Word: Macro-->
			<TargetFilename condition="end with">.ps1</TargetFilename> <!--PowerShell [ More information: http://www.hexacorn.com/blog/2014/08/27/beyond-good-ol-run-key-part-16/ ] -->
			<TargetFilename condition="end with">.sys</TargetFilename> <!--System driver files-->
			<TargetFilename condition="end with">.scr</TargetFilename> <!--System driver files-->
			<TargetFilename condition="end with">.vbe</TargetFilename> <!--VisualBasicScripting-->
			<TargetFilename condition="end with">.vbs</TargetFilename> <!--VisualBasicScripting-->
			<TargetFilename condition="end with">.xlsm</TargetFilename> <!--Microsoft:Office:Word: Macro-->
			<TargetFilename condition="end with">proj</TargetFilename><!--Microsoft:MSBuild:Script: More information: https://twitter.com/subTee/status/885919612969394177-->
			<TargetFilename condition="end with">.sln</TargetFilename><!--Microsoft:MSBuild:Script: More information: https://twitter.com/subTee/status/885919612969394177-->
			<TargetFilename condition="begin with">C:\Users\Default</TargetFilename> <!--Microsoft:Windows: Changes to default user profile-->
			<TargetFilename condition="begin with">C:\Windows\system32\Drivers</TargetFilename> <!--Microsoft: Drivers dropped here-->
			<TargetFilename condition="begin with">C:\Windows\SysWOW64\Drivers</TargetFilename> <!--Microsoft: Drivers dropped here-->
			<TargetFilename condition="begin with">C:\Windows\system32\GroupPolicy\Machine\Scripts</TargetFilename> <!--Group policy [ More information: http://www.hexacorn.com/blog/2017/01/07/beyond-good-ol-run-key-part-52/ ] -->
			<TargetFilename condition="begin with">C:\Windows\system32\GroupPolicy\User\Scripts</TargetFilename> <!--Group policy [ More information: http://www.hexacorn.com/blog/2017/01/07/beyond-good-ol-run-key-part-52/ ] -->
			<TargetFilename condition="begin with">C:\Windows\system32\Wbem</TargetFilename> <!--Microsoft:WMI: [ More information: http://2014.hackitoergosum.org/slides/day1_WMI_Shell_Andrei_Dumitrescu.pdf ] -->
			<TargetFilename condition="begin with">C:\Windows\SysWOW64\Wbem</TargetFilename> <!--Microsoft:WMI: [ More information: http://2014.hackitoergosum.org/slides/day1_WMI_Shell_Andrei_Dumitrescu.pdf ] -->
			<TargetFilename condition="begin with">C:\Windows\system32\WindowsPowerShell</TargetFilename> <!--Microsoft:Powershell: Look for modifications for persistence [ https://www.malwarearchaeology.com/cheat-sheets ] -->
			<TargetFilename condition="begin with">C:\Windows\SysWOW64\WindowsPowerShell</TargetFilename> <!--Microsoft:Powershell: Look for modifications for persistence [ https://www.malwarearchaeology.com/cheat-sheets ] -->
			<TargetFilename condition="begin with">C:\Windows\Tasks\</TargetFilename> <!--Microsoft:ScheduledTasks [ https://attack.mitre.org/wiki/Technique/T1053 ] -->
			<TargetFilename condition="begin with">C:\Windows\system32\Tasks</TargetFilename> <!--Microsoft:ScheduledTasks [ https://attack.mitre.org/wiki/Technique/T1053 ] -->
			<!--Windows application compatibility-->
			<TargetFilename condition="begin with">C:\Windows\AppPatch\Custom</TargetFilename> <!--Microsoft:Windows: Application compatibility shims [ https://www.fireeye.com/blog/threat-research/2017/05/fin7-shim-databases-persistence.html ] -->
			<TargetFilename condition="contains">VirtualStore</TargetFilename> <!--Microsoft:Windows: UAC virtualization [ https://blogs.msdn.microsoft.com/oldnewthing/20150902-00/?p=91681 ] -->
			<!--Exploitable file names-->
			<TargetFilename condition="end with">.xls</TargetFilename> <!--Legacy Office files are often used for attacks-->
			<TargetFilename condition="end with">.ppt</TargetFilename> <!--Legacy Office files are often used for attacks-->
			<TargetFilename condition="end with">.rft</TargetFilename> <!--RTF files often 0day malware vectors when opened by Office-->
		</FileCreate>

		<FileCreate onmatch="exclude">
			<!--SECTION: Microsoft-->
			<Image condition="is">C:\Program Files\VMware\VMware Tools\TPAutoConnSvc.exe</Image>
			<Image condition="is">C:\Program Files (x86)\EMET 5.5\EMET_Service.exe</Image> <!--Microsoft:EMET: Writes to C:\Windows\AppPatch\-->
			<!--SECTION: Microsoft:Office-->
			<TargetFilename condition="is">C:\Windows\System32\Tasks\OfficeSoftwareProtectionPlatform\SvcRestartTask</TargetFilename>
			<!--SECTION: Microsoft:Office:Click2Run-->
			<Image condition="is">C:\Program Files\Common Files\Microsoft Shared\ClickToRun\OfficeC2RClient.exe</Image> <!-- Microsoft:Office Click2Run-->
			<!--SECTION: Microsoft:Windows-->
			<Image condition="is">C:\Windows\system32\smss.exe</Image> <!-- Microsoft:Windows: Session Manager SubSystem: Creates swapfile.sys,pagefile.sys,hiberfile.sys-->
			<Image condition="is">C:\Windows\system32\CompatTelRunner.exe</Image> <!-- Microsoft:Windows: Windows 10 app, creates tons of cache files-->
			<Image condition="is">\\?\C:\Windows\system32\wbem\WMIADAP.EXE</Image> <!-- Microsoft:Windows: WMI Performance updates-->
			<Image condition="is">C:\Windows\system32\mobsync.exe</Image> <!--Microsoft:Windows: Network file syncing-->
			<TargetFilename condition="begin with">C:\Windows\system32\DriverStore\Temp\</TargetFilename> <!-- Microsoft:Windows: Temp files by DrvInst.exe-->
			<TargetFilename condition="begin with">C:\Windows\system32\wbem\Performance\</TargetFilename> <!-- Microsoft:Windows: Created in wbem by WMIADAP.exe-->
			<TargetFilename condition="end with">WRITABLE.TST</TargetFilename> <!-- Microsoft:Windows: Created in wbem by svchost-->
			<TargetFilename condition="begin with">C:\Windows\Installer\</TargetFilename> <!--Microsoft:Windows:Installer: Ignore MSI installer files caching-->
			<!--SECTION: Microsoft:Windows:Updates-->
			<TargetFilename condition="begin with">C:\$WINDOWS.~BT\Sources\</TargetFilename> <!-- Microsoft:Windows: Feature updates containing lots of .exe and .sys-->
			<Image condition="begin with">C:\Windows\winsxs\amd64_microsoft-windows</Image> <!-- Microsoft:Windows: Windows update-->
			<!--SECTION: Dell-->
			<Image condition="is">C:\Program Files (x86)\Dell\CommandUpdate\InvColPC.exe</Image>
			<!--SECTION: Intel-->
			<Image condition="is">C:\Windows\system32\igfxCUIService.exe</Image> <!--Intel: Drops bat and other files in \Windows in normal operation-->
			<!--SECTION: Adobe-->
			<TargetFilename condition="is">C:\Windows\System32\Tasks\Adobe Acrobat Update Task</TargetFilename>
			<TargetFilename condition="is">C:\Windows\System32\Tasks\Adobe Flash Player Updater</TargetFilename>
		</FileCreate>

	<!--SYSMON EVENT ID 12 & 13 & 14 : REGISTRY MODIFICATION [RegistryEvent]-->
		<!--EVENT 12: "Registry object added or deleted"-->
		<!--EVENT 13: "Registry value set-->
		<!--EVENT 14: "Registry objected renamed"-->
		
		<!--NOTE:	"contains" conditions below are formatted to reduce CPU load, so they may appear written inconsistently, but this is on purpose from tuning.-->
		<!--NOTE:	"contains" works by finding the first letter, then matching the second, etc, so the first letters should be as low-occurrence as possible.-->
		<!--NOTE:	Windows writes hundreds or thousands of registry keys a minute, so just because you're not changing things, doesn't mean these rules aren't being run.-->
		<!--NOTE:	You do not have to spend a lot of time worrying about performance, CPUs are fast, but it's something to consider. Every rule and condition type has a small cost.-->
		<!--NOTE:	[ https://attack.mitre.org/wiki/Technique/T1112 ] -->

		<!--TECHNICAL:	You cannot filter on the "Details" attribute, due to performance issues when very large keys are written, and variety of data formats-->
		<!--TECHNICAL:	Possible prefixes are HKLM, HKCR, and HKU-->
		<!--CRITICAL:	Schema version 3.30 and higher change HKLM\="\REGISTRY\MACHINE\" and HKU\="\REGISTRY\USER\" and HKCR\="\REGISTRY\MACHINE\SOFTWARE\Classes\" and CurrentControlSet="ControlSet001"-->
		<!--CRITICAL:	Due to a bug, Sysmon versions BEFORE 7.01 may not properly log with the new prefix style for registry keys that was originally introduced in schema version 3.30-->
		<!--NOTE:	Because Sysmon runs as a service, it has no filtering ability for, or concept of, HKCU or HKEY_CURRENT_USER. Use "contains" or "end with" to get around this limitation-->

		<!-- ! CRITICAL NOTE !:	It may appear this section is MISSING important entries, but SOME RULES MONITOR MANY KEYS, so look VERY CAREFULLY to see if something is already covered.-->

		<!--DATA: EventType, UtcTime, ProcessGuid, ProcessId, Image, TargetObject, Details (can't filter on), NewName (can't filter on)-->
			<RegistryEvent onmatch="include">
			<!--Autorun or Startups-->
				<!--ADDITIONAL REFERENCE: [ http://www.ghacks.net/2016/06/04/windows-automatic-startup-locations/ ] -->
				<!--ADDITIONAL REFERENCE: [ https://view.officeapps.live.com/op/view.aspx?src=https://arsenalrecon.com/downloads/resources/Registry_Keys_Related_to_Autorun.ods ] -->
				<!--ADDITIONAL REFERENCE: [ http://www.silentrunners.org/launchpoints.html ] -->
				<!--ADDITIONAL REFERENCE: [ https://www.microsoftpressstore.com/articles/article.aspx?p=2762082&seqNum=2 ] -->
			<Image condition="contains">powershell</Image>
			<TargetObject condition="contains">CurrentVersion\Run</TargetObject> <!--Microsoft:Windows: Wildcard for Run keys, including RunOnce, RunOnceEx, RunServices, RunServicesOnce [Also covers terminal server] -->
			<TargetObject condition="contains">Policies\Explorer\Run</TargetObject> <!--Microsoft:Windows: Alternate runs keys | Credit @ion-storm-->
			<TargetObject condition="contains">Group Policy\Scripts</TargetObject> <!--Microsoft:Windows: Group policy scripts-->
			<TargetObject condition="contains">Windows\System\Scripts</TargetObject> <!--Microsoft:Windows: Wildcard for Logon, Loggoff, Shutdown-->
			<TargetObject condition="contains">CurrentVersion\Windows\Load</TargetObject> <!--Microsoft:Windows: [ https://msdn.microsoft.com/en-us/library/jj874148.aspx ] -->
			<TargetObject condition="contains">CurrentVersion\Windows\Run</TargetObject> <!--Microsoft:Windows: [ https://msdn.microsoft.com/en-us/library/jj874148.aspx ] -->
			<TargetObject condition="contains">CurrentVersion\Winlogon\Shell</TargetObject> <!--Microsoft:Windows: [ https://msdn.microsoft.com/en-us/library/ms838576(v=winembedded.5).aspx ] -->
			<TargetObject condition="contains">CurrentVersion\Winlogon\System</TargetObject> <!--Microsoft:Windows [ https://www.exterminate-it.com/malpedia/regvals/zlob-dns-changer/118 ] -->
			<TargetObject condition="begin with">HKLM\SOFTWARE\Microsoft\Windows NT\CurrentVersion\Winlogon\Notify</TargetObject> <!--Microsoft:Windows: Autorun location [ https://attack.mitre.org/wiki/Technique/T1004 ] [ https://www.cylance.com/windows-registry-persistence-part-2-the-run-keys-and-search-order ] -->
			<TargetObject condition="begin with">HKLM\Software\Microsoft\Windows NT\CurrentVersion\Winlogon\Shell</TargetObject> <!--Microsoft:Windows: [ https://technet.microsoft.com/en-us/library/ee851671.aspx ] -->
			<TargetObject condition="begin with">HKLM\SOFTWARE\Microsoft\Windows NT\CurrentVersion\Winlogon\Userinit</TargetObject> <!--Microsoft:Windows: Autorun location [ https://www.cylance.com/windows-registry-persistence-part-2-the-run-keys-and-search-order ] -->
			<TargetObject condition="begin with">HKLM\SOFTWARE\WOW6432Node\Microsoft\Windows NT\CurrentVersion\Drivers32</TargetObject> <!--Microsoft:Windows: Legacy driver loading | Credit @ion-storm -->
			<TargetObject condition="begin with">HKLM\SYSTEM\CurrentControlSet\Control\Session Manager\BootExecute</TargetObject> <!--Microsoft:Windows: Autorun | Credit @ion-storm | [ https://www.cylance.com/windows-registry-persistence-part-2-the-run-keys-and-search-order ] -->
			<TargetObject condition="begin with">HKLM\SOFTWARE\Microsoft\Windows NT\CurrentVersion\AeDebug</TargetObject> <!--Microsoft:Windows: Automatic program crash debug program [ https://www.symantec.com/security_response/writeup.jsp?docid=2007-050712-5453-99&tabid=2 ] -->
			<TargetObject condition="contains">UserInitMprLogonScript</TargetObject> <!--Microsoft:Windows: Legacy logon script environment variable [ http://www.hexacorn.com/blog/2014/11/14/beyond-good-ol-run-key-part-18/ ] -->
			<!--Services-->
			<TargetObject condition="end with">\ServiceDll</TargetObject> <!--Microsoft:Windows: Points to a service's DLL [ https://blog.cylance.com/windows-registry-persistence-part-1-introduction-attack-phases-and-windows-services ] -->
			<TargetObject condition="end with">\ServiceManifest</TargetObject> <!--Microsoft:Windows: Manifest pointing to service's DLL [ https://www.geoffchappell.com/studies/windows/win32/services/svchost/index.htm ] -->
			<TargetObject condition="end with">\ImagePath</TargetObject> <!--Microsoft:Windows: Points to a service's EXE [ https://attack.mitre.org/wiki/Technique/T1050 ] -->
			<TargetObject condition="end with">\Start</TargetObject> <!--Microsoft:Windows: Services start mode changes (Disabled, Automatically, Manual)-->
			<!--CLSID launch commands and Default File Association changes-->
			<TargetObject condition="contains">shell\open\command\</TargetObject> <!--Microsoft:Windows: Sensitive sub-key under file associations and CLSID that map to launch command-->
			<TargetObject condition="contains">shell\open\ddeexec\</TargetObject> <!--Microsoft:Windows: Sensitive sub-key under file associations and CLSID that map to launch command-->
			<TargetObject condition="contains">shell\install\command\</TargetObject> <!--Microsoft:Windows: Sensitive sub-key under file associations and CLSID that map to launch command-->
			<TargetObject condition="contains">Explorer\FileExts\</TargetObject> <!--Microsoft:Windows: Changes to file extension mapping-->
			<TargetObject condition="contains">{86C86720-42A0-1069-A2E8-08002B30309D}</TargetObject> <!--Microsoft:Windows: Tooltip handler-->
			<TargetObject condition="contains">exefile</TargetObject> <!--Microsoft:Windows Executable handler, to ensure any changes not generally monitored, for less-common shell command types like "runas"-->
			<!--Windows COM-->
			<TargetObject condition="end with">\InprocServer32\(Default)</TargetObject> <!--Microsoft:Windows:COM Object Hijacking [ https://blog.gdatasoftware.com/2014/10/23941-com-object-hijacking-the-discreet-way-of-persistence ] | Credit @ion-storm -->
			<!--Windows shell visual modifications-->
			<TargetObject condition="end with">\Hidden</TargetObject> <!--Microsoft:Windows:Explorer: Some types of malware try to hide their hidden system files from the user, good signal event -->
			<TargetObject condition="end with">\ShowSuperHidden</TargetObject> <!--Microsoft:Windows:Explorer: Some types of malware try to hide their hidden system files from the user, good signal event [ Example: https://www.symantec.com/security_response/writeup.jsp?docid=2007-061811-4341-99&tabid=2 ] -->
			<TargetObject condition="end with">\HideFileExt</TargetObject> <!--Microsoft:Windows:Explorer: Some malware hides file extensions to make diagnosis/disinfection more daunting to novice users -->
			<!--Windows shell hijack and modifications-->
			<TargetObject condition="contains">Classes\*\</TargetObject> <!--Microsoft:Windows:Explorer: [ http://www.silentrunners.org/launchpoints.html ] -->
			<TargetObject condition="contains">Classes\AllFilesystemObjects\</TargetObject> <!--Microsoft:Windows:Explorer: [ http://www.silentrunners.org/launchpoints.html ] -->
			<TargetObject condition="contains">Classes\Directory\</TargetObject> <!--Microsoft:Windows:Explorer: [ https://stackoverflow.com/questions/1323663/windows-shell-context-menu-option ] -->
			<TargetObject condition="contains">Classes\Drive\</TargetObject> <!--Microsoft:Windows:Explorer: [ https://stackoverflow.com/questions/1323663/windows-shell-context-menu-option ] -->
			<TargetObject condition="contains">Classes\Folder\</TargetObject> <!--Microsoft:Windows:Explorer: ContextMenuHandlers, DragDropHandlers, CopyHookHandlers, [ https://stackoverflow.com/questions/1323663/windows-shell-context-menu-option ] -->
			<TargetObject condition="contains">ContextMenuHandlers\</TargetObject> <!--Microsoft:Windows: [ http://oalabs.openanalysis.net/2015/06/04/malware-persistence-hkey_current_user-shell-extension-handlers/ ] -->
			<TargetObject condition="contains">CurrentVersion\Shell</TargetObject> <!--Microsoft:Windows: Shell Folders, ShellExecuteHooks, ShellIconOverloadIdentifers, ShellServiceObjects, ShellServiceObjectDelayLoad [ http://oalabs.openanalysis.net/2015/06/04/malware-persistence-hkey_current_user-shell-extension-handlers/ ] -->
			<TargetObject condition="begin with">HKLM\Software\Microsoft\Windows\CurrentVersion\explorer\ShellExecuteHooks</TargetObject> <!--Microsoft:Windows: ShellExecuteHooks-->
			<TargetObject condition="begin with">HKLM\Software\Microsoft\Windows\CurrentVersion\explorer\ShellServiceObjectDelayLoad</TargetObject> <!--Microsoft:Windows: ShellExecuteHooks-->
			<TargetObject condition="begin with">HKLM\SOFTWARE\Microsoft\Windows\CurrentVersion\explorer\ShellIconOverlayIdentifiers</TargetObject> <!--Microsoft:Windows: ShellExecuteHooks-->
			<!--AppPaths hijacking-->
			<TargetObject condition="begin with">HKLM\SOFTWARE\Microsoft\Windows\CurrentVersion\App Paths\</TargetObject> <!--Microsoft:Windows: Credit to @Hexacorn [ http://www.hexacorn.com/blog/2013/01/19/beyond-good-ol-run-key-part-3/ ] -->
			<!--Terminal service boobytrap-->
			<TargetObject condition="begin with">HKLM\SYSTEM\CurrentControlSet\Control\Terminal Server\WinStations\RDP-Tcp\InitialProgram</TargetObject> <!--Microsoft:Windows:RDP: Note other Terminal Server run keys are handled by another wildcard already-->
			<!--Group Policy integrity-->
			<TargetObject condition="begin with">HKLM\SOFTWARE\Microsoft\Windows NT\CurrentVersion\Winlogon\GPExtensions\</TargetObject> <!--Microsoft:Windows: Group Policy internally uses a plug-in architecture that nothing should be modifying-->
			<!--Winsock and Winsock2-->
			<TargetObject condition="begin with">HKLM\SYSTEM\CurrentControlSet\Services\WinSock\</TargetObject> <!--Microsoft:Windows: Wildcard, includes Winsock and Winsock2-->
			<TargetObject condition="end with">\ProxyServer</TargetObject> <!--Microsoft:Windows: System and user proxy server-->
			<!--Credential providers-->
			<TargetObject condition="begin with">HKLM\SOFTWARE\Microsoft\Windows\CurrentVersion\Authentication\Credential Provider</TargetObject> <!--Wildcard, includes Credential Providers and Credential Provider Filters-->
			<TargetObject condition="begin with">HKLM\SYSTEM\CurrentControlSet\Control\Lsa\</TargetObject> <!-- [ https://attack.mitre.org/wiki/Technique/T1131 ] [ https://attack.mitre.org/wiki/Technique/T1101 ] -->
			<TargetObject condition="begin with">HKLM\SYSTEM\CurrentControlSet\Control\SecurityProviders\SecurityProviders</TargetObject> <!--Microsoft:Windows: Changes to WDigest-UseLogonCredential for password scraping [ https://www.trustedsec.com/april-2015/dumping-wdigest-creds-with-meterpreter-mimikatzkiwi-in-windows-8-1/ ] -->
			<TargetObject condition="begin with">HKLM\SOFTWARE\Microsoft\Netsh</TargetObject> <!--Microsoft:Windows: Netsh helper DLL [ https://attack.mitre.org/wiki/Technique/T1128 ] -->
			<!--Networking-->
			<TargetObject condition="begin with">HKLM\SYSTEM\CurrentControlSet\Control\NetworkProvider\Order\</TargetObject> <!--Microsoft:Windows: Order of network providers that are checked to connect to destination [ https://www.malwarearchaeology.com/cheat-sheets ] -->
			<TargetObject condition="begin with">HKLM\SOFTWARE\Microsoft\Windows NT\CurrentVersion\NetworkList\Profiles</TargetObject> <!--Microsoft:Windows: | Credit @ion-storm -->
			<TargetObject condition="end with">\EnableFirewall</TargetObject> <!--Microsoft:Windows: Monitor for firewall disablement, all firewall profiles [ https://attack.mitre.org/wiki/Technique/T1089 ] -->
			<TargetObject condition="end with">\DoNotAllowExceptions</TargetObject> <!--Microsoft:Windows: Monitor for firewall disablement, all firewall profiles [ https://attack.mitre.org/wiki/Technique/T1089 ] -->
			<TargetObject condition="begin with">HKLM\SYSTEM\CurrentControlSet\Services\SharedAccess\Parameters\FirewallPolicy\StandardProfile\AuthorizedApplications\List</TargetObject> <!--Windows Firewall authorized applications for all networks| Credit @ion-storm -->
			<TargetObject condition="begin with">HKLM\SYSTEM\CurrentControlSet\Services\SharedAccess\Parameters\FirewallPolicy\DomainProfile\AuthorizedApplications\List</TargetObject> <!--Windows Firewall authorized applications for domain networks -->
			<!--DLLs that get injected into every process at launch-->
			<TargetObject condition="begin with">HKLM\SOFTWARE\Microsoft\Windows NT\CurrentVersion\Windows\Appinit_Dlls\</TargetObject> <!--Microsoft:Windows: Feature disabled by default [ https://attack.mitre.org/wiki/Technique/T1103 ] -->
			<TargetObject condition="begin with">HKLM\SOFTWARE\Wow6432Node\Microsoft\Windows NT\CurrentVersion\Windows\Appinit_Dlls\</TargetObject> <!--Microsoft:Windows:  Feature disabled by default [ https://attack.mitre.org/wiki/Technique/T1103 ] -->
			<TargetObject condition="begin with">HKLM\SYSTEM\CurrentControlSet\Control\Session Manager\AppCertDlls\</TargetObject> <!--Microsoft:Windows: Credit to @Hexacorn [ http://www.hexacorn.com/blog/2013/01/19/beyond-good-ol-run-key-part-3/ ] [ https://blog.comodo.com/malware/trojware-win32-trojanspy-volisk-a/ ] -->
			<!--Office-->
			<TargetObject condition="contains">Microsoft\Office\Outlook\Addins\</TargetObject> <!--Microsoft:Office: Outlook add-ins, access to sensitive data and often cause issues-->
			<TargetObject condition="contains">Office Test\</TargetObject> <!-- Microsoft:Office: Persistence method [ http://www.hexacorn.com/blog/2014/04/16/beyond-good-ol-run-key-part-10/ ] | Credit @Hexacorn -->
			<TargetObject condition="contains">Security\Trusted Documents\TrustRecords</TargetObject> <!--Microsoft:Office: Monitor when "Enable editing" or "Enable macros" is used | Credit @OutflankNL | [ https://outflank.nl/blog/2018/01/16/hunting-for-evil-detect-macros-being-executed/ ] -->
			<!--IE-->
			<TargetObject condition="contains">Internet Explorer\Toolbar\</TargetObject> <!--Microsoft:InternetExplorer: Machine and user [ Example: https://www.exterminate-it.com/malpedia/remove-mywebsearch ] -->
			<TargetObject condition="contains">Internet Explorer\Extensions\</TargetObject> <!--Microsoft:InternetExplorer: Machine and user [ Example: https://www.exterminate-it.com/malpedia/remove-mywebsearch ] -->
			<TargetObject condition="contains">Browser Helper Objects\</TargetObject> <!--Microsoft:InternetExplorer: Machine and user [ https://msdn.microsoft.com/en-us/library/bb250436(v=vs.85).aspx ] -->
			<TargetObject condition="end with">\DisableSecuritySettingsCheck</TargetObject>
			<TargetObject condition="end with">\3\1206</TargetObject> <!--Microsoft:InternetExplorer: Malware sometimes assures scripting is on in Internet Zone [ https://support.microsoft.com/en-us/help/182569/internet-explorer-security-zones-registry-entries-for-advanced-users ] -->
			<TargetObject condition="end with">\3\2500</TargetObject> <!--Microsoft:InternetExplorer: Malware sometimes disables Protected Mode in Internet Zone [ https://blog.avast.com/2013/08/12/your-documents-are-corrupted-from-image-to-an-information-stealing-trojan/ ] -->
			<TargetObject condition="end with">\3\1809</TargetObject> <!--Microsoft:InternetExplorer: Malware sometimes disables Pop-up Blocker in Internet Zone [ https://support.microsoft.com/en-us/help/182569/internet-explorer-security-zones-registry-entries-for-advanced-users ] -->
			<!--Magic registry keys-->
			<TargetObject condition="contains">{AB8902B4-09CA-4bb6-B78D-A8F59079A8D5}\</TargetObject> <!--Microsoft:Windows: Thumbnail cache autostart [ http://blog.trendmicro.com/trendlabs-security-intelligence/poweliks-levels-up-with-new-autostart-mechanism/ ] -->
			<!--Install/Infection artifacts-->
			<TargetObject condition="end with">\UrlUpdateInfo</TargetObject> <!--Microsoft:ClickOnce: Source URL is stored in this value [ https://subt0x10.blogspot.com/2016/12/mimikatz-delivery-via-clickonce-with.html ] -->
			<TargetObject condition="end with">\InstallSource</TargetObject> <!--Microsoft:Windows: Source folder for certain program and component installations-->
			<!--Windows UAC tampering-->
			<TargetObject condition="end with">HKLM\Software\Microsoft\Windows\CurrentVersion\Policies\System\EnableLUA</TargetObject> <!--Detect: UAC Tampering | Credit @ion-storm -->
			<TargetObject condition="end with">HKLM\Software\Microsoft\Windows\CurrentVersion\Policies\System\LocalAccountTokenFilterPolicy</TargetObject> <!--Detect: UAC Tampering | Credit @ion-storm -->
			<!--Microsoft Security Center tampering | Credit @ion-storm -->
			<TargetObject condition="end with">HKLM\SOFTWARE\Microsoft\Security Center\AllAlertsDisabled</TargetObject> <!-- [ https://attack.mitre.org/wiki/Technique/T1089 ] -->
			<TargetObject condition="end with">HKLM\SOFTWARE\Microsoft\Security Center\AntiVirusOverride</TargetObject> <!-- [ https://attack.mitre.org/wiki/Technique/T1089 ] -->
			<TargetObject condition="end with">HKLM\SOFTWARE\Microsoft\Security Center\AntiVirusDisableNotify</TargetObject> <!-- [ https://attack.mitre.org/wiki/Technique/T1089 ] -->
			<TargetObject condition="end with">HKLM\SOFTWARE\Microsoft\Security Center\DisableMonitoring</TargetObject> <!-- [ https://attack.mitre.org/wiki/Technique/T1089 ] -->
			<TargetObject condition="end with">HKLM\SOFTWARE\Microsoft\Security Center\FirewallDisableNotify</TargetObject> <!-- [ https://attack.mitre.org/wiki/Technique/T1089 ] -->
			<TargetObject condition="end with">HKLM\SOFTWARE\Microsoft\Security Center\FirewallOverride</TargetObject> <!-- [ https://attack.mitre.org/wiki/Technique/T1089 ] -->
			<TargetObject condition="end with">HKLM\SOFTWARE\Microsoft\Security Center\UacDisableNotify</TargetObject> <!-- [ https://attack.mitre.org/wiki/Technique/T1089 ] -->
			<TargetObject condition="end with">HKLM\SOFTWARE\Microsoft\Security Center\UpdatesDisableNotify</TargetObject> <!-- [ https://attack.mitre.org/wiki/Technique/T1089 ] -->
			<TargetObject condition="end with">SOFTWARE\Microsoft\Windows\CurrentVersion\Policies\Explorer\HideSCAHealth</TargetObject> <!--Microsoft:Windows:Security Center: Malware sometimes disables [ https://blog.avast.com/2013/08/12/your-documents-are-corrupted-from-image-to-an-information-stealing-trojan/ ] -->
			<!--Windows application compatibility-->
			<TargetObject condition="begin with">HKLM\SOFTWARE\Microsoft\Windows NT\CurrentVersion\AppCompatFlags\Custom</TargetObject> <!--Microsoft:Windows: AppCompat [ https://www.fireeye.com/blog/threat-research/2017/05/fin7-shim-databases-persistence.html ] -->
			<TargetObject condition="begin with">HKLM\SOFTWARE\Microsoft\Windows NT\CurrentVersion\AppCompatFlags\InstalledSDB</TargetObject> <!--Microsoft:Windows: AppCompat [ https://attack.mitre.org/wiki/Technique/T1138 ] -->
			<TargetObject condition="contains">VirtualStore</TargetObject> <!--Microsoft:Windows: Registry virtualization [ https://msdn.microsoft.com/en-us/library/windows/desktop/aa965884(v=vs.85).aspx ] -->
			<!--Windows internals integrity monitoring-->
			<TargetObject condition="begin with">HKLM\SOFTWARE\Microsoft\Windows NT\CurrentVersion\Image File Execution Options\</TargetObject> <!--Microsoft:Windows: Malware likes changing IFEO, like adding Debugger to disable antivirus EXE-->
			<TargetObject condition="begin with">HKLM\SOFTWARE\Microsoft\Windows\CurrentVersion\WINEVT\</TargetObject> <!--Microsoft:Windows: Event log system integrity and ACLs-->
			<TargetObject condition="begin with">HKLM\SYSTEM\CurrentControlSet\Control\Safeboot\</TargetObject> <!--Microsoft:Windows: Services approved to load in safe mode-->
			<TargetObject condition="begin with">HKLM\SYSTEM\CurrentControlSet\Control\Winlogon\</TargetObject> <!--Microsoft:Windows: Providers notified by WinLogon-->
			<TargetObject condition="end with">\FriendlyName</TargetObject> <!--Microsoft:Windows: New devices connected and remembered-->
			<TargetObject condition="is">HKLM\SOFTWARE\Microsoft\Windows\CurrentVersion\Installer\InProgress\(Default)</TargetObject> <!--Microsoft:Windows: See when WindowsInstaller is engaged, useful for timeline matching with other events-->
			<TargetObject condition="begin with">HKLM\SOFTWARE\Microsoft\Tracing\RASAPI32</TargetObject> <!--Microsoft:Windows: Malware sometimes disables tracing to obfuscate tracks-->
		</RegistryEvent>

		<RegistryEvent onmatch="exclude">
		<!--COMMENT:	Remove low-information noise. Often these hide a procress recreating an empty key and do not hide the values created subsequently.-->
			<!--SECTION: Microsoft binaries-->
			<Image condition="end with">Office\root\integration\integrator.exe</Image> <!--Microsoft:Office: C2R client-->
			<Image condition="is">C:\Windows\system32\backgroundTaskHost.exe</Image> <!--Microsoft:Windows: Changes association registry keys-->
			<Image condition="is">C:\Program Files\Common Files\Microsoft Shared\ClickToRun\OfficeClickToRun.exe</Image> <!--Microsoft:Office: C2R client-->
			<Image condition="is">C:\Program Files\Windows Defender\MsMpEng.exe</Image> <!--Microsoft:Windows:Defender-->
			<Image condition="is">C:\Windows\SystemApps\Microsoft.Windows.Cortana_cw5n1h2txyewy\SearchUI.exe</Image> <!--Microsoft:Cortana-->
			<Image condition="is">C:\Program Files (x86)\EMET 5.5\EMET_Service.exe</Image> <!--Microsoft:EMET: Routinely refreshes EMET configuration keys from Group Policy-->
			<!--Misc-->
			<TargetObject condition="end with">Toolbar\WebBrowser</TargetObject> <!--Microsoft:IE: Extraneous activity-->
			<TargetObject condition="end with">Toolbar\WebBrowser\ITBar7Height</TargetObject> <!--Microsoft:IE: Extraneous activity-->
			<TargetObject condition="end with">Toolbar\WebBrowser\ITBar7Layout</TargetObject> <!--Microsoft:IE: Extraneous activity-->
			<TargetObject condition="end with">Toolbar\ShellBrowser\ITBar7Layout</TargetObject> <!--Microsoft:Windows:Explorer: Extraneous activity-->
			<TargetObject condition="end with">Internet Explorer\Toolbar\Locked</TargetObject> <!--Microsoft:Windows:Explorer: Extraneous activity-->
			<TargetObject condition="end with">Toolbar\WebBrowser\{47833539-D0C5-4125-9FA8-0819E2EAAC93}</TargetObject> <!--Microsoft:Windows:Explorer: Extraneous activity-->
			<TargetObject condition="end with">ShellBrowser</TargetObject> <!--Microsoft:InternetExplorer: Noise-->
			<TargetObject condition="end with">\CurrentVersion\Run</TargetObject> <!--Microsoft:Windows: Remove noise from the "\Windows\CurrentVersion\Run" wildcard-->
			<TargetObject condition="end with">\CurrentVersion\RunOnce</TargetObject> <!--Microsoft:Windows: Remove noise from the "\Windows\CurrentVersion\Run" wildcard-->
			<TargetObject condition="end with">\CurrentVersion\App Paths</TargetObject> <!--Microsoft:Windows: Remove noise from the "\Windows\CurrentVersion\App Paths" wildcard-->
			<TargetObject condition="end with">\CurrentVersion\Image File Execution Options</TargetObject> <!--Microsoft:Windows: Remove noise from the "\Windows\CurrentVersion\Image File Execution Options" wildcard-->
			<TargetObject condition="end with">\CurrentVersion\Shell Extensions\Cached</TargetObject> <!--Microsoft:Windows: Remove noise from the "\CurrentVersion\Shell Extensions\Cached" wildcard-->
			<TargetObject condition="end with">\CurrentVersion\Shell Extensions\Approved</TargetObject> <!--Microsoft:Windows: Remove noise from the "\CurrentVersion\Shell Extensions\Approved" wildcard-->
			<TargetObject condition="end with">}\PreviousPolicyAreas</TargetObject> <!--Microsoft:Windows: Remove noise from \Winlogon\GPExtensions by svchost.exe-->
			<TargetObject condition="contains">\Control\WMI\Autologger\</TargetObject> <!--Microsoft:Windows: Remove noise from monitoring "\Start"-->
			<TargetObject condition="end with">HKLM\SYSTEM\CurrentControlSet\Services\UsoSvc\Start</TargetObject> <!--Microsoft:Windows: Remove noise from monitoring "\Start"-->
			<TargetObject condition="end with">\Lsa\OfflineJoin\CurrentValue</TargetObject> <!--Microsoft:Windows: Sensitive value during domain join-->
			<TargetObject condition="end with">\Components\TrustedInstaller\Events</TargetObject> <!--Microsoft:Windows: Remove noise monitoring Winlogon-->
			<TargetObject condition="end with">\Components\TrustedInstaller</TargetObject> <!--Microsoft:Windows: Remove noise monitoring Winlogon-->
			<TargetObject condition="end with">\Components\Wlansvc</TargetObject> <!--Microsoft:Windows: Remove noise monitoring Winlogon-->
			<TargetObject condition="end with">\Components\Wlansvc\Events</TargetObject> <!--Microsoft:Windows: Remove noise monitoring Winlogon-->
			<TargetObject condition="begin with">HKLM\SOFTWARE\Microsoft\Windows\CurrentVersion\Installer\UserData\S-1-5-18\</TargetObject> <!--Microsoft:Windows: Remove noise monitoring installations run as system-->
			<TargetObject condition="end with">\Directory\shellex</TargetObject> <!--Microsoft:Windows: Remove noise monitoring Classes-->
			<TargetObject condition="end with">\Directory\shellex\DragDropHandlers</TargetObject> <!--Microsoft:Windows: Remove noise monitoring Classes-->
			<TargetObject condition="end with">\Drive\shellex</TargetObject> <!--Microsoft:Windows: Remove noise monitoring Classes-->
			<TargetObject condition="end with">\Drive\shellex\DragDropHandlers</TargetObject> <!--Microsoft:Windows: Remove noise monitoring Classes-->
			<TargetObject condition="contains">_Classes\AppX</TargetObject> <!--Microsoft:Windows: Remove noise monitoring "Shell\open\command"--> <!--Win8+-->
			<TargetObject condition="begin with">HKLM\SOFTWARE\Microsoft\Windows\CurrentVersion\WINEVT\Publishers\</TargetObject> <!--Microsoft:Windows: SvcHost Noise-->
			<Image condition="is">C:\Windows\SystemApps\Microsoft.Windows.Cortana_cw5n1h2txyewy\SearchUI.exe</Image> <!--Microsoft:Windows: Remove noise from Windows 10 Cortana | Credit @ion-storm--> <!--Win10-->
			<Image condition="is">C:\Program Files (x86)\Cisco\Cisco AnyConnect Secure Mobility Client\vpnagent.exe</Image>
			<!--Bootup Control noise-->
			<TargetObject condition="end with">HKLM\SYSTEM\CurrentControlSet\Control\Lsa\Audit</TargetObject> <!--Microsoft:Windows:lsass.exe: Boot noise--> <!--Win8+-->
			<TargetObject condition="end with">HKLM\SYSTEM\CurrentControlSet\Control\Lsa\Audit\AuditPolicy</TargetObject> <!--Microsoft:Windows:lsass.exe: Boot noise--> <!--Win8+-->
			<TargetObject condition="end with">HKLM\SYSTEM\CurrentControlSet\Control\Lsa\Audit\PerUserAuditing\System</TargetObject> <!--Microsoft:Windows:lsass.exe: Boot noise--> <!--Win8+-->
			<TargetObject condition="end with">HKLM\SYSTEM\CurrentControlSet\Control\Lsa\LsaPid</TargetObject> <!--Microsoft:Windows:lsass.exe: Boot noise-->
			<TargetObject condition="end with">HKLM\SYSTEM\CurrentControlSet\Control\Lsa\SspiCache</TargetObject> <!--Microsoft:Windows:lsass.exe: Boot noise--> <!--Win8+-->
			<TargetObject condition="end with">HKLM\SYSTEM\CurrentControlSet\Control\Lsa\Kerberos\Domains</TargetObject> <!--Microsoft:Windows:lsass.exe: Boot noise--> <!--Win8+-->
			<TargetObject condition="end with">HKLM\SOFTWARE\Microsoft\Windows\CurrentVersion\Policies\System\Audit</TargetObject> <!--Microsoft:Windows:lsass.exe: Boot noise--> <!--Win8+-->
			<!--Services startup settings noise, some low-risk services routinely change it and this can be ignored-->
			<TargetObject condition="end with">\services\bits\Start</TargetObject> <!--Microsoft:Windows: Remove noise from monitoring "\Start"-->
			<TargetObject condition="end with">\services\clr_optimization_v2.0.50727_32\Start</TargetObject> <!--Microsoft:dotNet: Windows 7-->
			<TargetObject condition="end with">\services\clr_optimization_v2.0.50727_64\Start</TargetObject> <!--Microsoft:dotNet: Windows 7-->
			<TargetObject condition="end with">\services\clr_optimization_v4.0.30319_32\Start</TargetObject> <!--Microsoft:dotNet: Windows 10-->
			<TargetObject condition="end with">\services\clr_optimization_v4.0.30319_64\Start</TargetObject> <!--Microsoft:dotNet: Windows 10-->
			<TargetObject condition="end with">\services\deviceAssociationService\Start</TargetObject> <!--Microsoft:Windows: Remove noise from monitoring "\Start"-->
			<TargetObject condition="end with">\services\fhsvc\Start</TargetObject> <!--Microsoft:Windows: File History Service-->
			<TargetObject condition="end with">\services\nal\Start</TargetObject> <!--Intel: Network adapter diagnostic driver-->
			<TargetObject condition="end with">\services\trustedInstaller\Start</TargetObject> <!--Microsoft:Windows: Remove noise from monitoring "\Start"-->
			<TargetObject condition="end with">\services\tunnel\Start</TargetObject> <!--Microsoft:Windows: Remove noise from monitoring "\Start"-->
			<TargetObject condition="end with">\services\usoSvc\Start</TargetObject> <!--Microsoft:Windows: Remove noise from monitoring "\Start"-->
			<!--FileExts noise filtering-->
			<TargetObject condition="contains">\OpenWithProgids</TargetObject> <!--Microsoft:Windows: Remove noise from monitoring "FileExts"-->
			<TargetObject condition="end with">\OpenWithList</TargetObject> <!--Microsoft:Windows: Remove noise from monitoring "FileExts"-->
			<TargetObject condition="end with">\UserChoice</TargetObject> <!--Microsoft:Windows: Remove noise from monitoring "FileExts"-->
			<TargetObject condition="end with">\UserChoice\ProgId</TargetObject> <!--Microsoft:Windows: Remove noise from monitoring "FileExts"--> <!--Win8+-->
			<TargetObject condition="end with">\UserChoice\Hash</TargetObject> <!--Microsoft:Windows: Remove noise from monitoring "FileExts"--> <!--Win8+-->
			<TargetObject condition="end with">\OpenWithList\MRUList</TargetObject> <!--Microsoft:Windows: Remove noise from monitoring "FileExts"-->
			<TargetObject condition="end with">} 0xFFFF</TargetObject> <!--Microsoft:Windows: Remove noise generated by explorer.exe on monitored ShellCached binary keys--> <!--Win8+-->
			<!--Group Policy noise-->
			<TargetObject condition="end with">HKLM\System\CurrentControlSet\Control\Lsa\Audit\SpecialGroups</TargetObject> <!--Microsoft:Windows: Routinely set through Group Policy, not especially important to log-->
			<TargetObject condition="end with">SOFTWARE\Microsoft\Windows\CurrentVersion\Group Policy\Scripts</TargetObject> <!--Microsoft:Windows:Group Policy: Noise below the actual key while building-->
			<TargetObject condition="end with">SOFTWARE\Microsoft\Windows\CurrentVersion\Group Policy\Scripts\Startup</TargetObject> <!--Microsoft:Windows:Group Policy: Noise below the actual key while building-->
			<TargetObject condition="end with">SOFTWARE\Microsoft\Windows\CurrentVersion\Group Policy\Scripts\Startup\0</TargetObject> <!--Microsoft:Windows:Group Policy: Noise below the actual key while building-->
			<TargetObject condition="end with">SOFTWARE\Microsoft\Windows\CurrentVersion\Group Policy\Scripts\Startup\0\PSScriptOrder</TargetObject> <!--Microsoft:Windows:Group Policy: Noise below the actual key while building-->
			<TargetObject condition="end with">SOFTWARE\Microsoft\Windows\CurrentVersion\Group Policy\Scripts\Startup\0\SOM-ID</TargetObject> <!--Microsoft:Windows:Group Policy: Noise below the actual key while building-->
			<TargetObject condition="end with">SOFTWARE\Microsoft\Windows\CurrentVersion\Group Policy\Scripts\Startup\0\GPO-ID</TargetObject> <!--Microsoft:Windows:Group Policy: Noise below the actual key while building-->
			<TargetObject condition="end with">SOFTWARE\Microsoft\Windows\CurrentVersion\Group Policy\Scripts\Startup\0\0\IsPowershell</TargetObject> <!--Microsoft:Windows:Group Policy: Noise below the actual key while building-->
			<TargetObject condition="end with">SOFTWARE\Microsoft\Windows\CurrentVersion\Group Policy\Scripts\Startup\0\0\ExecTime</TargetObject> <!--Microsoft:Windows:Group Policy: Noise below the actual key while building-->
			<TargetObject condition="end with">SOFTWARE\Microsoft\Windows\CurrentVersion\Group Policy\Scripts\Shutdown</TargetObject> <!--Microsoft:Windows:Group Policy: Noise below the actual key while building-->
			<TargetObject condition="end with">SOFTWARE\Microsoft\Windows\CurrentVersion\Group Policy\Scripts\Shutdown\0</TargetObject> <!--Microsoft:Windows:Group Policy: Noise below the actual key while building-->
			<TargetObject condition="end with">SOFTWARE\Microsoft\Windows\CurrentVersion\Group Policy\Scripts\Shutdown\0\PSScriptOrder</TargetObject> <!--Microsoft:Windows:Group Policy: Noise below the actual key while building-->
			<TargetObject condition="end with">SOFTWARE\Microsoft\Windows\CurrentVersion\Group Policy\Scripts\Shutdown\0\SOM-ID</TargetObject> <!--Microsoft:Windows:Group Policy: Noise below the actual key while building-->
			<TargetObject condition="end with">SOFTWARE\Microsoft\Windows\CurrentVersion\Group Policy\Scripts\Shutdown\0\GPO-ID</TargetObject> <!--Microsoft:Windows:Group Policy: Noise below the actual key while building-->
			<TargetObject condition="end with">SOFTWARE\Microsoft\Windows\CurrentVersion\Group Policy\Scripts\Shutdown\0\0\IsPowershell</TargetObject> <!--Microsoft:Windows:Group Policy: Noise below the actual key while building-->
			<TargetObject condition="end with">SOFTWARE\Microsoft\Windows\CurrentVersion\Group Policy\Scripts\Shutdown\0\0\ExecTime</TargetObject> <!--Microsoft:Windows:Group Policy: Noise below the actual key while building-->
			<TargetObject condition="contains">\safer\codeidentifiers\0\HASHES\{</TargetObject> <!--Microsoft:Windows: Software Restriction Policies. Can be used to disable security tools, but very noisy to monitor if you use it-->
			<!--SECTION: 3rd party-->
			<Image condition="is">C:\Program Files\WIDCOMM\Bluetooth Software\btwdins.exe</Image> <!--Constantly writes to HKLM-->
			<TargetObject condition="begin with">HKCR\VLC.</TargetObject> <!--VLC update noise-->
			<TargetObject condition="begin with">HKCR\iTunes.</TargetObject> <!--Apple: iTunes update noise-->
		</RegistryEvent>

	<!--SYSMON EVENT ID 15 : ALTERNATE DATA STREAM CREATED [FileCreateStreamHash]-->
		<!--EVENT 15: "File stream created"-->
		<!--COMMENT:	Any files created with an NTFS Alternate Data Stream which match these rules will be hashed and logged.
			[ https://blogs.technet.microsoft.com/askcore/2013/03/24/alternate-data-streams-in-ntfs/ ]
			ADS's are used by browsers and email clients to mark files as originating from the Internet or other foreign sources.
			[ https://textslashplain.com/2016/04/04/downloads-and-the-mark-of-the-web/ ] -->
		<!--NOTE: Other filesystem minifilters can make it appear to Sysmon that some files are being written twice. This is not a Sysmon issue, per Mark Russinovich.-->

		<!--DATA: UtcTime, ProcessGuid, ProcessId, Image, TargetFilename, CreationUtcTime, Hash-->
		<FileCreateStreamHash onmatch="include">
			<TargetFilename condition="contains">Downloads</TargetFilename> <!--Downloaded files. Does not include "Run" files in IE-->
			<TargetFilename condition="contains">Temp\7z</TargetFilename> <!--7zip extractions-->
			<TargetFilename condition="contains">Startup</TargetFilename> <!--ADS startup | Example: [ https://www.hybrid-analysis.com/sample/a314f6106633fba4b70f9d6ddbee452e8f8f44a72117749c21243dc93c7ed3ac?environmentId=100 ] -->
			<TargetFilename condition="end with">.bat</TargetFilename> <!--Batch scripting-->
			<TargetFilename condition="end with">.cmd</TargetFilename> <!--Batch scripting | Credit @ion-storm -->
			<TargetFilename condition="end with">.hta</TargetFilename> <!--Scripting-->
			<TargetFilename condition="end with">.lnk</TargetFilename> <!--Shortcut file | Credit @ion-storm -->
			<TargetFilename condition="end with">.ps1</TargetFilename> <!--PowerShell-->
			<TargetFilename condition="end with">.ps2</TargetFilename> <!--PowerShell-->
			<TargetFilename condition="end with">.reg</TargetFilename> <!--Registry File-->
			<TargetFilename condition="end with">.jse</TargetFilename> <!--Registry File-->
			<TargetFilename condition="end with">.vb</TargetFilename> <!--VisualBasicScripting files-->
			<TargetFilename condition="end with">.vbe</TargetFilename> <!--VisualBasicScripting files-->
			<TargetFilename condition="end with">.vbs</TargetFilename> <!--VisualBasicScripting files-->
		</FileCreateStreamHash>

		<FileCreateStreamHash onmatch="exclude">
		</FileCreateStreamHash>

	<!--SYSMON EVENT ID 16 : SYSMON CONFIGURATION CHANGE-->
		<!--EVENT 16: "Sysmon config state changed"-->
		<!--COMMENT:	This ONLY logs if the hash of the configuration changes. Running "sysmon.exe -c" with the current configuration will not be logged with Event 16-->
		
		<!--DATA: UtcTime, Configuration, ConfigurationFileHash-->
		<!--Cannot be filtered.-->

	<!--SYSMON EVENT ID 17 & 18 : PIPE CREATED / PIPE CONNECTED [PipeEvent]-->
		<!--EVENT 17: "Pipe Created"-->
		<!--EVENT 18: "Pipe Connected"-->

		<!--ADDITIONAL REFERENCE: [ https://www.cobaltstrike.com/help-smb-beacon ] -->
		<!--ADDITIONAL REFERENCE: [ https://blog.cobaltstrike.com/2015/10/07/named-pipe-pivoting/ ] -->

		<!--DATA: UtcTime, ProcessGuid, ProcessId, PipeName, Image-->
		<PipeEvent onmatch="exclude">
			<Image condition="begin with">C:\WINDOWS\system32\wbem\wmiprvse.exe</Image>
		</PipeEvent>

	<!--SYSMON EVENT ID 19 & 20 & 21 : WMI EVENT MONITORING [WmiEvent]-->
		<!--EVENT 19: "WmiEventFilter activity detected"-->
		<!--EVENT 20: "WmiEventConsumer activity detected"-->
		<!--EVENT 21: "WmiEventConsumerToFilter activity detected"-->

		<!--ADDITIONAL REFERENCE: [ https://www.darkoperator.com/blog/2017/10/15/sysinternals-sysmon-610-tracking-of-permanent-wmi-events ] -->
		<!--ADDITIONAL REFERENCE: [ https://rawsec.lu/blog/posts/2017/Sep/19/sysmon-v610-vs-wmi-persistence/ ] -->

		<!--DATA: EventType, UtcTime, Operation, User, Name, Type, Destination, Consumer, Filter-->
		<WmiEvent onmatch="exclude">
		</WmiEvent>

	<!--SYSMON EVENT ID 255 : ERROR-->
		<!--"This event is generated when an error occurred within Sysmon. They can happen if the system is under heavy load
			and certain tasked could not be performed or a bug exists in the Sysmon service. You can report any bugs on the
			Sysinternals forum or over Twitter (@markrussinovich)."-->
		<!--Cannot be filtered.-->

	</EventFiltering>
</Sysmon>